id;case_1_1;case_1_2;case_1_3;case_2_1;case_2_2;case_2_3;case_3_1;case_3_2;case_3_3;case_4_1;case_4_2;case_4_3;case_5_1;case_5_2;case_5_3;case_6_1;case_6_2;case_6_3;case_7_1;case_7_2;case_7_3;case_8_1;case_8_2;case_8_3;case_9_1;case_9_2;case_9_3;emo;rat;group;sex;age;income;isworking;edu;car;city;city_size;time_12;time_34;time_56;time_78;time_9;month;year
1;5;4;3;5;5;5;5;2;2;2;5;5;5;2;2;4;2;4;5;5;2;5;2;5;5;4;3;1;NA;3;0;34;3;1;NA;NA;Челябинск;1195446;183607;149420;431397;260224;15208;8;2019
2;1;1;1;1;1;1;1;1;1;1;1;1;1;1;1;1;1;1;1;1;1;1;1;1;1;1;1;0;0;1;1;18;1;0;NA;NA;Челябинск;1195446;55105;7128;4873;6494;3121;8;2019
3;6;2;3;6;6;4;6;4;4;1;3;3;6;5;4;1;3;3;2;3;3;5;5;4;6;6;4;0;0;1;0;22;2;1;NA;NA;Челябинск;1195446;72669;54062;62421;93789;29440;8;2019
4;6;6;3;2;1;3;6;6;2;5;6;6;5;5;2;2;4;5;5;2;3;3;3;3;5;5;3;0;0;1;0;30;3;1;NA;NA;Челябинск;1195446;79134;85212;66519;80564;40907;8;2019
5;6;3;3;6;4;4;5;4;3;2;4;5;4;4;2;2;3;5;5;4;4;5;5;2;6;5;4;1;NA;3;0;34;3;1;NA;NA;Челябинск;1195446;62627;54930;93502;47666;26871;8;2019
6;6;6;2;6;6;1;1;1;5;2;3;6;5;6;1;1;1;6;6;6;3;3;3;2;6;6;3;1;NA;3;0;25;2;1;NA;NA;Москва;12692466;54370;58282;43677;76129;22017;8;2019
7;1;1;5;6;4;2;6;6;2;4;5;6;6;5;4;4;6;6;6;6;2;3;4;3;3;3;4;0;0;1;1;35;5;1;NA;NA;Челябинск;1195446;57792;53174;77238;57409;70719;8;2019
8;NA;NA;6;NA;1;NA;NA;NA;6;NA;NA;5;6;NA;NA;1;NA;NA;NA;5;NA;NA;NA;3;6;NA;NA;1;NA;3;0;20;1;0;NA;NA;Челябинск;1195446;40522;46359;64944;69623;20913;8;2019
9;6;6;1;1;1;1;6;6;1;1;1;6;6;6;1;1;1;6;6;6;1;1;1;6;1;1;6;NA;1;2;0;59;5;0;NA;NA;NA;NA;129001;346101;167464;323955;96842;8;2019
10;NA;6;6;NA;4;NA;NA;6;NA;1;NA;NA;NA;3;NA;NA;3;NA;NA;NA;1;5;NA;NA;NA;4;NA;NA;1;2;0;21;1;0;NA;NA;Челябинск;1195446;40544;136774;9505;36143;9496;8;2019
11;5;NA;NA;NA;2;NA;5;NA;NA;NA;NA;5;NA;2;NA;5;NA;NA;6;NA;NA;4;NA;NA;NA;6;NA;NA;1;2;0;29;2;1;NA;NA;Снежинск ;51488;127061;81960;115781;179386;26988;8;2019
12;6;5;1;6;5;1;1;2;6;4;6;6;6;3;1;1;1;2;6;5;1;6;6;3;5;5;1;1;NA;3;0;19;1;0;NA;NA;Челябинск;1195446;72557;81667;132515;164091;46552;8;2019
13;2;4;5;3;4;4;1;3;5;2;5;6;2;2;2;3;3;4;2;2;2;2;2;3;2;2;3;0;0;1;1;22;2;0;NA;NA;Челябинск;1195446;87369;104141;114406;123599;54161;8;2019
14;5;5;3;6;4;2;1;1;1;1;4;5;6;6;1;1;1;6;1;1;6;2;2;2;1;1;1;1;NA;3;0;24;1;0;NA;NA;Челябинск;1195446;65633;58152;50666;68348;20266;8;2019
15;6;6;1;6;4;1;6;5;1;5;1;6;6;6;1;1;1;6;6;6;1;2;6;1;6;6;1;1;NA;3;0;17;1;0;NA;NA;Миасс;151275;38884;45512;33071;48920;16382;8;2019
16;5;5;2;5;3;2;5;4;2;5;5;5;5;4;2;3;5;5;5;5;2;5;5;5;5;5;2;1;NA;3;1;29;5;1;NA;NA;Санкт-Петербург;5392992;41506;131289;51370;41046;33756;8;2019
17;6;5;1;6;6;1;4;4;1;4;5;6;3;3;1;1;3;6;3;3;3;1;1;6;2;2;6;1;NA;3;1;19;1;0;NA;NA;Челябинск;1195446;77736;114038;82821;65467;52223;8;2019
18;5;4;4;2;2;3;5;2;2;3;5;6;5;4;3;2;3;5;5;2;3;2;3;4;4;4;3;NA;1;2;0;22;1;0;NA;NA;Челябинск;1195446;88088;102413;69149;63542;30641;8;2019
19;3;1;3;2;1;1;6;2;1;4;6;6;3;1;1;1;3;5;1;2;4;5;6;5;3;1;4;NA;1;2;0;20;1;0;NA;NA;Челябинск;1195446;130179;120981;78791;89676;34477;8;2019
20;2;3;2;5;6;2;NA;NA;NA;6;6;6;4;3;3;NA;NA;NA;NA;NA;NA;NA;NA;NA;2;2;2;0;0;1;1;32;2;1;NA;NA;Челябинск;1195446;161478;61726;70615;2990;56327;8;2019
21;6;5;2;5;5;5;5;2;2;6;6;5;2;2;2;3;5;5;4;3;3;5;5;4;4;4;3;1;NA;3;1;26;5;1;NA;NA;Екатеринбург;1483119;94341;68719;63640;48974;44815;8;2019
22;5;2;3;6;6;2;2;2;3;5;5;4;6;5;2;4;3;4;6;6;5;6;6;5;5;3;1;0;0;1;0;19;1;0;NA;NA;Челябинск;1195446;50520;52480;64307;58043;81110;8;2019
23;6;5;4;2;2;2;6;5;2;1;5;6;4;3;2;1;2;5;6;6;2;2;1;1;1;1;2;1;NA;3;0;19;1;0;NA;NA;Челябинск;1195446;287298;99272;138686;80404;91932;8;2019
24;6;NA;NA;NA;1;NA;NA;NA;1;NA;NA;6;NA;1;NA;NA;1;NA;NA;NA;1;NA;NA;6;NA;NA;5;NA;1;2;0;19;1;0;NA;NA;Челябинск;1195446;91439;29808;47355;36633;24530;8;2019
25;6;6;1;3;1;2;6;1;1;3;6;6;6;1;1;1;2;6;5;2;1;5;6;5;1;1;3;NA;1;2;0;23;2;1;NA;NA;Челябинск;1195446;50276;101464;64535;79499;34440;8;2019
26;3;2;4;4;2;3;5;5;1;4;4;4;1;1;1;3;6;6;6;6;2;3;6;4;6;5;2;1;NA;3;1;27;5;1;NA;NA;Челябинск;1195446;81014;39077;91667;47080;55640;9;2019
27;6;1;1;1;1;6;6;6;1;1;6;6;6;6;6;1;1;1;6;1;1;6;6;1;6;6;6;0;0;1;0;32;1;1;NA;NA;Челябинск;1195446;59511;71829;4435646;82594;17953;9;2019
28;6;6;1;2;2;3;6;5;1;2;1;6;6;6;1;1;2;6;5;5;1;4;4;2;5;5;1;0;0;1;0;39;2;1;NA;NA;Белгород;392426;58106;83763;56182;78900;27093;9;2019
29;6;5;1;4;1;2;6;4;1;1;6;6;5;2;1;1;2;6;6;2;1;6;6;4;3;2;1;1;NA;3;0;25;3;1;NA;NA;Челябинск;1195446;48191;59416;61359;53304;63112;9;2019
30;6;6;1;3;3;3;6;6;1;1;1;6;6;6;1;1;1;6;6;6;1;1;1;6;6;5;1;NA;1;2;0;27;3;1;NA;NA;Санкт-Петербург;5392992;136928;37592;33534;35692;27195;9;2019
31;6;3;1;1;1;3;5;4;2;4;2;1;1;5;6;6;6;3;5;1;1;6;5;2;5;3;2;0;0;1;1;22;1;1;NA;NA;Челябинск;1195446;71765;56919;41386;40396;20829;9;2019
32;6;1;1;6;3;1;1;1;1;1;4;5;6;6;1;6;6;6;6;1;1;6;6;6;6;6;1;1;NA;3;1;31;3;1;NA;NA;Челябинск;1195446;96096;131749;177866;102187;32766;9;2019
33;5;2;2;2;1;4;5;2;1;5;5;5;5;5;3;4;5;5;5;5;3;5;5;4;2;4;2;0;0;1;1;31;4;1;NA;NA;Челябинск;1195446;51936;68896;55195;80904;88111;9;2019
34;6;6;1;1;1;1;1;1;1;6;6;6;6;6;1;1;1;6;6;1;1;1;1;6;6;6;6;1;NA;3;0;28;1;0;NA;NA;Челябинск;1195446;79873;237102;53795;44889;20126;9;2019
35;6;5;2;1;1;4;5;2;1;1;4;6;6;6;3;1;1;3;6;2;1;1;3;3;5;5;2;1;NA;3;0;39;2;1;NA;NA;Челябинск;1195446;75445;85230;177487;114220;50829;9;2019
36;6;5;4;1;1;1;6;6;6;2;2;3;6;5;5;1;1;2;6;4;4;2;3;2;6;4;4;1;NA;3;1;32;2;1;NA;NA;Челябинск;1195446;50336;103261;63430;71807;49103;9;2019
37;6;3;5;6;4;2;6;5;2;5;5;5;6;2;2;1;2;5;3;3;2;5;5;4;5;5;4;1;NA;3;0;40;2;1;NA;NA;NA;NA;61765;52127;70975;76209;77206;9;2019
38;6;3;1;2;2;6;5;2;1;5;5;5;2;2;1;1;1;2;5;2;1;2;3;2;2;2;1;NA;1;2;1;32;3;1;NA;NA;Челябинск;1195446;53792;81287;116894;59713;24208;9;2019
39;6;6;2;1;1;2;6;6;3;1;3;6;6;5;3;2;2;4;6;4;1;6;6;6;6;6;2;NA;1;2;0;28;2;1;NA;NA;Челябинск;1195446;64910;54079;111722;53758;19092;9;2019
40;6;6;1;6;5;3;5;5;1;6;6;3;4;3;3;1;2;4;2;2;2;1;1;1;5;5;4;0;0;1;0;51;1;1;NA;NA;Челябинск;1195446;71928;424565;83824;100574;41263;9;2019
41;6;6;3;3;3;3;6;5;2;3;4;4;6;4;3;2;2;4;6;5;3;3;4;4;5;4;3;NA;1;2;0;21;2;0;NA;NA;Челябинск;1195446;234565;75112;89300;48727;29906;9;2019
42;1;1;1;1;1;3;3;1;1;1;6;6;6;6;1;6;6;6;4;4;1;6;6;4;6;6;4;0;0;1;0;36;2;1;NA;NA;Челябинск;1195446;127642;75075;74200;72718;39272;9;2019
43;5;5;5;5;4;4;4;4;4;5;4;4;1;1;2;4;4;2;3;3;3;2;2;2;6;5;5;1;NA;3;0;25;2;1;NA;NA;Челябинск;1195446;9601;22862;101513;12226;11909;9;2019
44;6;6;4;2;2;2;5;6;4;2;1;3;6;6;4;1;2;3;2;2;2;6;6;6;6;6;5;0;0;1;0;21;1;0;NA;NA;Челябинск;1195446;65857;111540;223349;50251;35054;9;2019
45;1;1;1;5;5;4;5;2;1;2;6;6;5;2;2;2;4;5;6;5;2;6;3;5;5;5;4;NA;1;2;0;31;3;1;NA;NA;Челябинск;1195446;61437;145621;105850;92532;68582;9;2019
46;2;2;2;2;2;5;5;2;2;2;5;5;4;4;2;2;3;5;5;5;2;5;5;2;5;5;3;0;0;1;1;36;3;1;NA;NA;Челябинск;1195446;76638;66387;119671;84250;167383;9;2019
47;4;4;4;6;6;5;5;5;5;5;5;5;5;4;5;5;5;5;4;4;5;4;5;5;5;4;4;0;0;1;1;20;1;1;NA;NA;NA;NA;59263;22545;11541;7357;59804;9;2019
48;6;2;1;1;1;5;6;2;1;1;2;6;6;2;2;1;2;6;2;3;5;6;2;2;6;5;2;0;0;1;0;20;1;0;NA;NA;Озерск;78811;94551;57667;62981;55339;22928;9;2019
49;5;2;2;2;2;2;6;5;4;1;5;5;5;2;2;1;1;2;5;2;2;6;5;4;6;5;5;1;NA;3;0;20;1;NA;NA;NA;Челябинск;1195446;61126;60125;55261;46988;80915;9;2019
50;6;6;4;6;6;4;6;6;4;4;4;4;6;6;4;1;1;3;6;6;4;1;1;3;6;6;4;0;0;1;0;21;2;0;NA;NA;Челябинск;1195446;87424;52476;33761;47777;15368;9;2019
51;5;3;1;1;2;1;3;2;6;4;3;6;5;2;5;4;2;5;4;5;1;4;2;2;6;5;2;1;NA;3;0;20;1;0;NA;NA;Челябинск;1195446;72849;133009;27873;116177;31742;9;2019
52;3;3;3;3;3;3;1;2;4;4;2;1;1;3;5;5;4;2;2;3;5;5;3;2;4;4;2;1;NA;3;0;20;2;1;NA;NA;Челябинск;1195446;6207;7111;7991;10625;15428;9;2019
53;6;6;1;1;1;6;6;2;2;6;6;6;1;1;1;6;6;6;5;4;2;1;1;4;6;5;4;1;NA;3;0;23;1;0;NA;NA;Челябинск;1195446;149960;73950;56907;45603;53379;9;2019
54;1;2;6;1;2;2;6;6;6;6;6;6;6;6;6;1;1;1;6;6;6;1;1;1;6;6;6;NA;1;2;0;20;1;1;NA;NA;Челябинск;1195446;158012;46341;32262;22582;14671;9;2019
55;4;5;1;3;3;2;5;4;1;3;4;6;6;6;1;2;1;6;5;4;1;1;1;5;5;4;3;NA;1;2;0;20;1;0;NA;NA;Брянск;404793;231237;137001;177931;142655;72397;10;2019
56;5;4;2;5;2;1;6;5;1;2;5;5;5;3;2;2;3;5;2;1;3;4;4;5;5;4;2;1;NA;3;0;31;2;1;NA;NA;Истра;33535;88455;64980;67763;98362;43092;10;2019
57;6;6;2;3;3;2;5;6;1;3;3;4;5;5;1;1;1;6;5;5;2;3;3;4;3;3;1;NA;1;2;1;29;2;1;NA;NA;Орёл;311625;150077;65993;95743;69952;129511;10;2019
58;6;6;1;6;6;2;6;6;1;1;1;6;6;6;1;1;1;6;1;1;6;1;1;4;6;6;1;0;0;1;0;22;1;1;NA;NA;Екатеринбург;1483119;102937;106921;151710;78969;72270;10;2019
59;5;5;1;4;2;3;6;6;1;5;2;6;6;6;4;1;1;6;6;5;2;2;2;5;4;5;2;1;NA;3;0;31;4;1;NA;NA;NA;NA;94038;105441;65458;71948;59786;10;2019
60;6;5;2;2;2;4;6;5;1;5;6;6;5;5;4;1;1;6;6;6;2;3;2;5;4;4;1;0;0;1;0;22;5;1;NA;NA;Москва;12692466;60629;43971;64264;54312;66022;10;2019
61;6;6;2;6;5;1;6;6;3;1;1;4;3;4;4;1;1;5;5;5;1;4;5;4;5;5;3;1;NA;3;0;18;1;1;NA;NA;Минск;2018281;76370;100538;88474;69763;31275;10;2019
62;6;3;2;5;6;2;5;4;1;6;6;6;1;1;1;4;1;1;1;1;1;5;4;3;5;5;4;1;NA;3;1;28;3;1;NA;NA;Ульяновск;627870;96392;120141;417616;110656;110203;10;2019
63;4;4;2;5;2;5;5;3;2;5;5;5;5;5;2;2;4;6;4;4;1;5;5;3;5;2;3;NA;1;2;1;21;3;1;NA;NA;NA;NA;60048;123977;80757;175284;27687;10;2019
64;6;6;2;4;4;1;6;6;1;5;5;6;1;1;5;1;1;4;5;5;1;3;5;6;4;5;5;1;NA;3;0;18;2;0;NA;NA;Минск;2018281;44414;49062;59383;33711;3003919;10;2019
65;6;6;3;4;4;4;6;5;1;2;4;6;6;6;3;1;2;5;6;5;2;4;4;3;6;2;3;1;NA;3;0;34;1;0;NA;NA;Екатеринбург;1483119;130104;198620;109433;130583;72586;10;2019
66;6;6;1;3;4;6;6;6;2;4;4;1;5;5;1;1;1;4;6;6;2;4;2;3;2;2;1;NA;1;2;1;34;2;1;NA;NA;NA;NA;96025;62957;63554;57716;43102;10;2019
67;6;5;1;2;1;1;6;4;1;1;6;5;6;6;4;3;5;6;4;2;1;5;6;4;6;5;3;1;NA;3;0;24;2;1;NA;NA;Курск;449556;53524;53340;48671;44024;40098;10;2019
68;6;6;3;2;2;3;6;6;2;1;1;6;6;6;2;1;1;3;6;6;1;1;1;6;6;6;1;NA;1;2;1;18;5;0;NA;NA;Москва;12692466;139432;51094;79941;61587;7335;10;2019
69;6;4;1;1;1;1;6;6;1;1;1;6;6;4;3;1;1;3;6;6;3;1;1;4;6;6;4;0;0;1;0;20;2;1;NA;NA;Чебоксары;495317;898860;63620;58488;44449;46477;10;2019
70;6;3;1;2;1;5;6;4;1;5;6;6;6;5;1;1;1;4;6;6;1;1;2;5;3;2;3;NA;1;2;0;16;1;0;NA;NA;Подольск;304245;104734;88540;84378;158404;82916;10;2019
71;5;5;4;4;1;3;6;6;3;4;2;1;5;6;2;1;4;2;6;5;2;5;5;5;5;5;2;0;0;1;0;36;3;1;NA;NA;Новосибирск;1618039;68690;57440;42278;50999;19674;10;2019
72;6;6;5;6;5;4;5;6;4;5;2;5;6;6;4;1;2;4;6;4;2;1;4;6;5;5;3;1;NA;3;0;40;4;1;NA;NA;Новосибирск;1618039;44217;41060;28471;57100;22766;10;2019
73;6;5;2;1;1;4;6;5;2;5;2;6;4;4;4;1;2;5;5;5;2;5;5;5;5;5;4;NA;1;2;0;25;2;1;NA;NA;NA;NA;69611;43199;46478;51029;23894;10;2019
74;6;4;2;4;4;2;6;6;1;1;1;6;6;6;2;1;1;4;6;1;2;6;6;4;1;1;1;NA;1;2;0;24;2;0;NA;NA;Воронеж;1054111;65491;50551;75068;58026;22790;10;2019
75;6;4;1;1;1;1;6;6;1;3;3;3;6;4;3;1;3;6;4;3;1;3;6;6;5;5;1;NA;1;2;0;18;1;0;NA;NA;Казань;1251969;57280;44076;74336;62661;30004;10;2019
76;6;6;1;6;6;4;6;6;1;6;6;4;6;6;5;1;1;6;6;6;3;1;1;5;5;5;5;NA;1;2;1;31;3;1;NA;NA;Тамбов;291663;214255;1713084;79260;101456;46749;10;2019
77;6;6;1;6;6;5;6;6;1;1;1;6;5;6;2;1;1;5;6;4;2;1;3;6;5;6;4;0;0;1;0;30;2;1;NA;NA;Комсомольск-на-Амуре;246607;41358;48883;80523;51316;39429;10;2019
78;6;6;1;6;3;6;2;1;6;2;1;5;6;6;1;1;1;6;6;6;1;6;6;2;6;6;1;0;0;1;0;26;1;0;NA;NA;Екатеринбург;1483119;118630;209213;66488;60410;34435;10;2019
79;6;6;1;4;1;5;6;6;1;4;3;4;2;3;1;1;1;6;3;2;1;1;3;2;6;6;2;0;0;1;0;25;1;1;NA;NA;Ростов-на-Дону;1133307;80980;121269;68791;45009;29371;10;2019
80;3;3;4;1;1;1;6;6;4;4;5;6;6;6;4;6;6;4;6;6;4;1;1;2;6;6;4;NA;1;2;0;21;1;0;NA;NA;Тверь;420850;123332;109735;56583;66359;39504;10;2019
81;6;6;1;6;6;4;6;6;1;1;1;6;6;6;1;1;1;6;6;6;1;1;3;6;6;6;1;0;0;1;0;23;3;NA;NA;NA;Мытищи;222739;28358;29573;28416;80452;15630;10;2019
82;6;6;3;6;1;4;6;2;1;1;4;6;6;4;1;1;1;2;6;2;2;4;5;6;5;5;2;1;NA;3;0;33;1;0;NA;NA;Копейск;148232;133736;333590;133294;125173;86628;10;2019
83;5;6;2;6;4;2;6;5;3;1;1;5;6;5;2;1;2;4;6;4;3;1;5;4;2;3;4;1;NA;3;1;17;1;0;NA;NA;Санкт-Петербург;5392992;152037;66161;49852;72487;55532;10;2019
84;6;2;1;1;1;1;6;4;2;1;6;6;6;2;1;1;1;3;6;1;1;4;6;6;5;3;3;1;NA;3;0;20;2;0;NA;NA;Улан-Удэ ;435496;109250;72156;68526;67688;71399;10;2019
85;6;3;2;5;2;3;4;4;2;5;5;5;4;3;3;1;3;4;5;4;3;6;6;4;4;4;3;1;NA;3;0;18;3;0;NA;NA;Новокузнецк;552105;146987;128100;117222;122397;58597;10;2019
86;6;5;1;1;1;4;6;6;2;1;3;6;2;2;5;1;2;5;2;4;5;1;1;5;2;2;3;1;NA;3;0;20;2;1;NA;NA;Новосибирск;1618039;39868;33516;63834;34981;39919;10;2019
87;6;6;3;1;1;5;6;6;1;1;1;6;6;6;2;1;1;5;6;5;1;1;1;6;2;1;5;NA;1;2;0;24;1;0;NA;NA;Минск;2018281;80231;79193;119025;78726;59998;10;2019
88;6;5;2;4;3;1;6;5;3;2;2;3;4;2;1;6;6;3;6;4;2;4;4;3;5;4;2;NA;1;2;0;17;1;0;NA;NA;Магнитогорск;416521;89234;59631;77386;101770;60919;10;2019
89;6;6;4;6;6;3;6;6;2;2;5;5;6;6;3;1;1;5;5;3;2;2;4;3;6;6;3;NA;1;2;0;22;3;1;NA;NA;Санкт-Петербург;5392992;135065;45913;44045;112369;23494;10;2019
90;6;5;2;6;1;3;6;4;1;1;6;6;5;1;2;2;5;3;6;2;2;1;1;3;6;1;2;0;0;1;0;24;1;0;NA;NA;Смоленск;329427;90822;98137;96642;83160;39007;10;2019
91;6;6;2;6;2;3;6;4;1;2;4;6;5;5;3;6;5;3;5;4;2;3;4;5;6;5;4;1;NA;3;0;18;1;0;NA;NA;Волгоград ;1013468;76468;123234;105206;85719;35929;10;2019
92;1;1;4;1;1;4;1;1;4;6;6;3;1;1;4;6;6;3;1;1;4;6;6;3;6;6;3;0;0;1;1;26;5;1;NA;NA;Киев;2967360;65234;42311;74598;57562;83584;10;2019
93;6;6;1;1;1;2;6;4;1;1;6;6;6;6;1;1;5;6;6;6;6;6;6;6;1;1;1;NA;1;2;0;30;4;0;NA;NA;Екатеринбург;1483119;81028;1893270;100558;174334;50675;10;2019
94;6;6;6;1;1;1;6;6;6;1;1;1;6;6;6;1;1;1;6;6;6;1;1;1;1;1;1;NA;1;2;0;64;1;0;NA;NA;Счастье;11887;59174;59178;41327;151237;40766;10;2019
95;6;6;4;1;1;1;6;5;4;1;2;3;6;6;4;1;1;2;6;5;4;1;2;3;6;5;4;0;0;1;1;17;1;0;NA;NA;Тула;479105;74174;60224;78408;66864;67687;10;2019
96;1;1;4;6;2;3;4;3;4;1;1;4;6;6;3;1;1;4;6;6;3;1;2;4;1;2;2;0;0;1;0;34;2;1;NA;NA;Алматы;1854656;70150;96897;62839;47752;68091;10;2019
97;6;6;1;1;1;6;6;6;1;6;6;6;6;6;1;6;6;1;6;6;1;1;1;6;6;6;1;1;NA;3;0;21;1;0;NA;NA;Тверь;420850;105458;48809;48223;50053;20347;10;2019
98;6;3;2;1;1;2;6;5;1;4;5;5;6;6;4;1;2;2;6;6;4;1;1;3;1;1;1;0;0;1;1;17;1;0;NA;NA;Алчевск;107438;89103;66175;43038;41042;24413;10;2019
99;6;6;2;2;2;3;6;6;2;1;5;5;4;3;2;1;1;5;5;5;3;4;4;4;5;5;2;NA;1;2;0;24;3;0;NA;NA;Миасс;151275;109217;69033;98409;80115;69184;10;2019
100;1;1;5;5;4;1;2;2;6;2;4;6;1;1;5;1;1;5;1;1;4;1;1;5;6;6;2;0;0;1;0;20;2;0;NA;NA;Санкт-Петербург;5392992;49524;44434;30915;22190;20591;10;2019
101;5;3;3;6;2;2;5;5;2;4;3;5;5;5;3;2;3;4;2;2;2;3;4;4;5;5;4;NA;1;2;0;32;3;1;NA;NA;Долгопрудный;112007;100288;58604;72200;156523;27614;10;2019
102;6;6;5;1;1;2;6;6;3;6;6;6;6;6;4;1;2;3;1;3;3;6;6;3;6;6;1;0;0;1;1;21;1;0;NA;NA;Москва;12692466;42319;37024;44992;120504;49945;10;2019
103;6;1;1;1;1;6;6;1;1;6;6;6;6;6;1;1;1;1;6;6;1;6;1;1;6;6;1;1;NA;3;1;34;1;1;NA;NA;Вышков ;2552;98754;54600;56880;45479;29659;10;2019
104;6;6;3;2;3;3;4;4;1;4;5;5;5;4;4;2;2;4;4;4;4;5;6;5;4;5;3;NA;1;2;0;25;2;1;NA;NA;Санкт-Петербург;5392992;126659;71714;74769;113312;50674;10;2019
105;1;2;6;2;1;3;6;6;2;1;5;6;6;4;2;1;1;3;6;2;1;1;1;2;2;1;5;1;NA;3;0;18;1;0;NA;NA;Казань;1251969;83325;73548;65035;62585;43401;10;2019
106;6;6;4;1;3;2;6;4;2;6;2;1;6;2;1;6;6;4;6;1;1;1;6;2;6;5;4;NA;1;2;0;26;2;1;NA;NA;Минск;2018281;54383;360552;91192;85352;48832;10;2019
107;5;5;5;2;1;2;6;6;5;1;2;3;6;6;5;1;1;2;6;4;5;4;4;5;1;1;2;0;0;1;0;60;2;0;NA;NA;Москва;12692466;199017;120202;112399;448626;55378;11;2019
108;6;6;1;1;1;3;6;6;1;1;1;6;6;6;1;1;2;6;6;6;2;4;4;6;6;6;3;NA;1;2;0;23;2;1;NA;NA;Калининград ;482443;69970;49753;69635;126845;35400;11;2019
109;6;6;1;4;4;1;4;4;1;3;3;6;6;6;1;1;1;6;3;3;1;1;1;6;1;4;6;NA;1;2;0;22;1;0;NA;NA;Санкт-Петербург;5392992;55124;1105925;74617;43018;94415;11;2019
110;4;4;3;4;3;3;5;5;3;2;3;3;5;4;4;6;4;3;4;3;2;2;3;4;5;4;4;NA;1;2;1;19;1;0;NA;NA;Иркутск;623479;56521;68083;43173;84249;25181;11;2019
111;6;6;6;1;1;2;6;6;6;1;1;2;6;6;6;1;1;1;6;6;6;6;6;6;5;5;4;NA;1;2;1;37;5;1;NA;NA;NA;NA;151718;117884;94570;86100;66929;11;2019
112;6;6;1;5;4;2;6;6;1;5;6;6;4;3;1;1;1;3;4;4;2;5;4;6;1;1;1;1;NA;3;0;16;1;0;NA;NA;NA;NA;135392;74533;209371;125128;57079;11;2019
113;6;6;1;6;4;2;1;4;1;1;1;6;6;6;2;1;1;6;6;5;2;1;1;6;6;1;1;1;NA;3;0;20;2;1;NA;NA;Санкт-Петербург;5392992;71967;87645;45530;50231;43572;11;2019
114;5;1;1;6;2;2;5;2;2;3;6;6;6;6;4;4;1;1;4;4;2;4;6;2;5;6;2;NA;1;2;0;31;2;1;NA;NA;Челябинск;1195446;52759;60365;51698;116069;21195;11;2019
115;6;2;1;1;4;2;6;4;2;1;5;6;6;6;6;1;1;1;6;4;1;3;4;6;6;5;2;1;NA;3;0;22;2;1;NA;NA;Москва;12692466;134139;347758;71216;149839;37907;11;2019
116;1;3;4;1;3;4;4;4;1;1;1;6;6;1;1;1;1;6;4;4;1;1;1;6;6;6;1;0;0;1;0;26;1;1;NA;NA;Еманжелинск;28217;157510;111523;111132;160430;63920;11;2019
117;5;4;4;6;5;5;3;3;3;4;4;4;3;2;2;3;1;2;2;3;3;3;5;5;4;4;4;NA;1;2;1;56;3;0;NA;NA;Москва;12692466;23764;7944;12817;16591;5488;11;2019
118;6;5;3;6;3;4;6;3;1;3;1;1;6;5;4;2;3;5;4;4;2;3;3;3;6;6;4;1;NA;3;0;29;2;1;NA;NA;Санкт-Петербург;5392992;115735;81477;120801;80677;47774;12;2019
119;6;6;3;3;3;3;1;1;1;1;2;5;6;6;3;1;1;5;6;5;1;1;2;3;6;6;4;NA;1;2;0;30;3;0;NA;NA;Челябинск;1195446;101976;252549;71318;70658;27538;12;2019
120;6;6;2;1;1;1;6;5;1;2;4;6;6;6;1;1;1;5;6;4;1;5;6;5;4;4;3;1;NA;3;0;27;2;1;NA;NA;Челябинск;1195446;52964;104231;43927;63580;46624;1;2020
121;3;3;3;6;4;2;6;6;2;6;6;6;6;6;4;1;1;4;5;4;3;6;6;5;6;6;2;1;NA;3;0;37;3;1;NA;NA;Челябинск;1195446;22875;42590;24789;43576;38682;1;2020
122;4;2;3;5;4;3;5;5;3;4;4;4;6;4;3;2;3;3;5;2;1;6;4;2;5;5;4;NA;1;2;0;34;3;1;NA;NA;Челябинск;1195446;103101;45032;66424;67633;47816;1;2020
123;6;5;3;1;1;3;4;3;3;5;5;5;5;4;2;3;4;4;6;4;2;2;2;2;5;5;2;0;0;1;0;30;4;1;NA;NA;Челябинск;1195446;51128;73327;62601;642966;22720;1;2020
124;6;4;1;6;6;4;6;6;1;3;6;6;6;2;2;1;1;6;6;6;3;3;1;3;6;3;2;NA;1;2;0;35;2;1;NA;NA;Челябинск;1195446;160220;47055;288611;47720;41422;1;2020
125;6;4;3;6;4;2;6;6;5;2;4;5;5;3;3;2;2;2;6;6;4;1;1;2;3;5;3;NA;1;2;0;19;2;1;NA;NA;Челябинск;1195446;95752;71816;71202;56879;108179;1;2020
126;5;2;1;2;1;3;5;5;2;5;5;5;5;5;3;5;5;1;4;2;2;5;5;5;5;4;2;1;NA;3;0;37;4;1;NA;NA;Челябинск;1195446;79199;38137;43395;53351;51093;1;2020
127;6;6;1;6;5;2;6;5;1;1;3;6;6;4;1;1;2;6;6;6;1;5;5;5;5;5;2;0;0;1;0;24;2;1;NA;NA;Челябинск;1195446;56890;47265;45383;85551;27074;1;2020
128;6;6;1;1;1;4;6;6;1;1;6;6;5;5;1;1;1;6;6;1;1;5;1;3;6;4;1;NA;1;2;0;29;2;1;NA;NA;Екатеринбург;1483119;34402;30749;43672;51491;39329;1;2020
129;6;6;4;1;1;1;6;5;2;6;6;5;6;3;2;1;1;3;5;3;2;1;2;2;6;5;2;0;0;1;1;19;2;0;NA;NA;Москва;12692466;50064;95197;63922;69427;30430;1;2020
130;6;6;1;6;6;2;6;6;1;1;2;6;6;4;1;1;1;4;6;6;1;6;6;3;6;5;2;0;0;1;1;17;1;0;NA;NA;Москва;12692466;91313;74177;69135;37598;37837;1;2020
131;6;3;3;1;1;1;6;6;5;6;6;6;5;5;5;2;4;5;6;5;2;1;2;6;2;3;4;NA;1;2;1;17;1;0;NA;NA;Москва;12692466;61067;37029;88664;45725;30175;1;2020
132;5;5;3;5;5;2;4;3;3;3;4;5;6;6;4;1;1;3;6;6;2;5;5;4;2;2;5;0;0;1;1;19;1;0;NA;NA;Москва;12692466;65952;79632;49256;66529;79302;1;2020
133;6;5;1;1;1;1;6;6;1;6;6;6;6;2;1;1;1;5;2;4;1;2;2;2;4;2;3;0;0;1;0;23;4;1;NA;NA;Самара;1156644;63478;29914;73511;52302;41038;1;2020
134;6;6;6;1;1;5;1;1;1;6;6;6;1;1;4;6;6;5;6;4;2;6;6;3;6;6;4;NA;1;2;1;27;2;1;NA;NA;NA;NA;49557;74454;116765;48597;36389;1;2020
135;6;4;3;3;1;3;5;4;1;4;5;5;4;3;3;1;1;2;4;3;3;2;1;3;4;5;4;0;0;1;0;18;1;0;NA;NA;Чебоксары;495317;88885;134875;84495;60912;38497;1;2020
136;3;3;3;2;4;4;6;6;3;1;2;5;6;5;3;1;1;3;6;6;2;1;1;4;5;5;3;1;NA;3;0;20;5;0;NA;NA;Москва;12692466;53348;40246;75174;34966;20141;1;2020
137;1;1;1;1;1;4;1;1;1;6;6;6;3;2;1;6;6;6;1;1;1;6;6;6;6;6;1;0;0;1;1;20;5;1;NA;NA;Москва;12692466;39077;47455;51722;27307;27882;1;2020
138;4;2;1;6;3;2;4;2;2;6;6;6;4;2;2;3;3;5;2;2;3;2;1;5;5;5;3;0;0;1;1;20;3;1;NA;NA;Москва;12692466;61815;83900;93563;137080;76830;1;2020
139;6;6;2;5;4;1;6;5;1;2;3;6;6;6;2;2;3;5;2;6;1;6;6;1;6;6;3;0;0;1;1;24;2;1;NA;NA;NA;NA;103766;97024;121096;139524;59679;1;2020
140;2;3;6;6;6;3;6;6;4;6;6;6;6;6;4;1;1;2;6;6;2;6;6;6;6;6;6;0;0;1;1;21;1;0;NA;NA;Пенза;522317;64173;35713;35108;29590;19726;1;2020
141;6;5;2;6;6;5;6;5;3;1;6;6;6;6;5;1;2;2;5;3;1;4;5;6;6;6;5;1;NA;3;1;15;1;0;NA;NA;Дмитров ;68666;101963;141862;145506;113349;59158;1;2020
142;5;5;2;2;2;2;4;5;1;5;5;5;2;1;1;3;3;5;2;2;2;6;6;6;4;4;5;1;NA;3;1;24;3;1;NA;NA;Новосибирск;1618039;45926;59113;136042;46839;47282;1;2020
143;6;6;3;5;5;3;6;6;2;3;3;5;6;6;4;4;5;3;6;6;4;4;5;5;5;5;4;1;NA;3;1;17;1;0;NA;NA;Санкт-Петербург;5392992;66866;89777;150317;36046;42005;1;2020
144;6;4;3;6;4;4;6;3;1;6;6;5;6;6;5;4;6;6;6;6;3;3;3;3;6;4;4;1;NA;3;1;24;4;1;NA;NA;Москва;12692466;89621;45549;39905;52101;22344;1;2020
145;6;6;4;6;6;2;6;6;3;3;5;6;5;4;3;1;1;1;5;4;4;3;4;4;4;4;4;0;0;1;0;22;4;1;NA;NA;Москва;12692466;49456;65512;44592;55457;20040;1;2020
146;5;1;1;1;1;2;5;3;2;6;6;6;2;1;3;1;1;6;1;1;2;6;6;5;4;2;3;NA;1;2;0;20;1;0;NA;NA;NA;NA;78891;66219;63950;56674;37744;1;2020
147;6;3;3;5;2;3;6;3;2;1;5;5;2;3;3;1;3;3;5;4;3;1;1;3;5;3;3;1;NA;3;0;15;1;0;NA;NA;Москва;12692466;48888;57103;48367;85926;22749;1;2020
148;3;3;2;1;1;2;1;1;1;1;1;1;2;2;5;1;1;5;6;5;2;1;2;3;5;2;3;0;0;1;1;22;3;1;NA;NA;Воронеж;1054111;41208;32246;47128;71657;71073;1;2020
149;2;3;2;1;1;1;4;2;1;6;6;6;1;1;1;6;6;6;1;1;1;6;6;6;3;2;3;0;0;1;1;35;3;1;NA;NA;NA;NA;92449;148303;71082;105690;32329;1;2020
150;6;6;3;1;1;3;4;3;3;6;6;5;2;2;2;5;5;5;3;3;3;4;4;4;6;6;4;1;NA;3;0;25;3;1;NA;NA;Нижний Новгород;1253511;88841;57130;54995;62817;21104;1;2020
151;5;5;2;2;2;2;2;2;2;2;2;2;4;4;3;2;2;2;4;3;3;4;4;4;5;5;5;0;0;1;1;18;1;0;NA;NA;Москва;12692466;4331415;161931;31156;54519;58418;1;2020
152;6;6;1;5;2;3;6;6;2;2;5;6;6;5;5;1;1;5;2;2;2;2;2;5;6;6;1;1;NA;3;0;28;3;1;NA;NA;Москва;12692466;60261;68958;87606;67367;25993;1;2020
153;6;5;1;4;4;1;6;5;1;2;4;6;6;5;3;1;1;4;3;3;2;1;1;4;5;5;4;1;NA;3;0;20;1;0;NA;NA;Москва;12692466;53954;74974;63871;49283;64484;1;2020
154;6;5;3;2;2;2;1;2;4;5;5;6;2;5;3;1;2;2;4;1;2;3;5;6;1;2;5;1;NA;3;1;15;1;0;NA;NA;Санкт-Петербург;5392992;46919;31282;55722;37909;25450;1;2020
155;6;1;1;2;1;1;6;1;1;6;6;6;6;6;4;1;1;5;1;1;1;6;6;3;6;6;2;1;NA;3;0;24;1;1;NA;NA;Нижний Новгород;1253511;79433;51824;56866;108571;26353;1;2020
156;6;6;4;1;1;2;6;6;3;1;3;6;6;6;4;1;2;6;6;6;5;4;6;5;6;6;5;NA;1;2;0;19;1;0;NA;NA;Москва;12692466;40444;40445;33556;62574;15104;1;2020
157;6;1;2;1;1;1;6;6;3;6;6;1;3;1;1;1;3;4;3;1;1;6;6;6;1;1;2;0;0;1;0;17;1;0;NA;NA;Новомосковск;124787;55591;45315;57557;85277;26350;1;2020
158;5;4;2;5;5;5;5;6;3;2;5;5;5;4;3;2;3;3;5;2;2;2;1;1;5;5;3;1;NA;3;1;21;5;1;NA;NA;Санкт-Петербург;5392992;88032;116765;82849;52506;37828;1;2020
159;6;5;2;1;1;4;6;4;2;2;5;5;4;4;1;2;4;4;6;6;3;6;4;4;5;2;1;1;NA;3;0;20;1;0;NA;NA;Москва;12692466;102547;63795;78310;52091;149711;1;2020
160;6;6;3;5;5;3;5;5;2;4;5;5;5;5;3;3;3;5;5;5;3;4;4;5;4;4;3;1;NA;3;1;16;3;0;NA;NA;Екатеринбург;1483119;21863;37948;58921;34289;13378;1;2020
161;5;2;1;2;1;4;5;1;1;1;1;6;5;2;2;1;1;2;2;1;3;5;5;6;1;1;4;1;NA;3;1;24;3;1;NA;NA;Челябинск;1195446;48411;271814;50693;72646;34225;1;2020
162;6;1;1;1;1;1;6;4;1;1;4;6;6;6;6;1;1;1;6;4;1;6;1;1;2;1;2;NA;1;2;0;21;2;1;NA;NA;Уфа;1124226;60503;83361;37334;68845;34411;1;2020
163;6;5;1;1;1;1;6;6;2;4;2;1;6;6;3;1;2;5;5;3;1;2;2;5;6;6;4;NA;1;2;0;23;2;0;NA;NA;Львов;724713;41026;37473;71497;56100;20674;1;2020
164;3;2;1;1;1;2;6;4;4;4;5;5;3;3;4;3;4;4;1;2;4;2;2;5;3;3;2;0;0;1;1;18;4;0;NA;NA;Фрязино;59987;78521;72757;60430;101319;64274;1;2020
165;4;2;1;5;2;1;4;2;1;1;1;5;5;6;2;5;6;6;5;4;2;4;6;3;4;3;5;0;0;1;1;18;2;1;NA;NA;Махачкала;601286;145331;50831;57400;78200;65227;1;2020
166;6;6;3;2;2;5;2;2;2;1;3;6;6;6;2;1;1;4;6;4;2;5;4;4;5;5;3;0;0;1;0;19;1;0;NA;NA;Москва;12692466;43570;69724;54504;94580;29145;1;2020
167;6;5;1;1;3;6;6;6;1;3;6;5;6;6;2;1;1;5;6;6;2;6;6;3;6;6;2;NA;1;2;0;19;1;0;NA;NA;Тамбов;291663;98411;49879;60314;42993;27799;1;2020
168;5;3;2;2;1;1;2;2;5;3;5;6;5;5;3;2;3;3;4;4;2;1;2;5;5;6;2;0;0;1;0;19;1;0;NA;NA;Москва;12692466;80731;47118;80350;68435;38695;1;2020
169;6;1;1;6;3;3;6;6;1;1;6;6;4;1;1;1;6;4;6;1;1;6;6;4;6;6;1;NA;1;2;1;19;1;0;NA;NA;Москва;12692466;38732;53494;57255;38812;46168;1;2020
170;6;6;6;6;5;1;6;4;2;2;3;6;6;6;4;1;1;5;5;2;3;5;4;3;6;6;2;NA;1;2;0;18;1;1;NA;NA;Минск;2018281;52293;53871;51602;79463;34146;1;2020
171;6;4;4;6;4;1;5;4;6;6;6;5;5;4;2;6;5;2;1;1;1;2;4;5;2;3;1;1;NA;3;1;18;1;0;NA;NA;Луганск;403938;97988;89496;68629;68660;52135;1;2020
172;5;5;2;2;3;1;6;5;2;2;2;5;6;5;3;1;1;3;6;6;4;3;3;4;4;4;3;NA;1;2;1;17;1;1;NA;NA;Чебоксары;495317;81886;115698;74035;68441;45294;1;2020
173;5;1;2;6;1;2;5;1;1;2;6;6;6;1;2;1;5;6;6;1;2;2;5;3;5;1;2;0;0;1;0;21;3;1;NA;NA;Краснодар;918145;51473;47596;34866;59703;30479;1;2020
174;6;6;2;1;1;4;6;6;1;1;1;6;6;6;4;1;1;6;3;3;3;5;5;3;4;5;2;0;0;1;1;18;2;0;NA;NA;Москва;12692466;51169;53736;44286;74353;41412;1;2020
175;5;4;2;2;3;5;6;6;1;3;3;6;3;3;3;1;1;5;6;5;2;2;4;4;5;4;5;NA;1;2;1;18;1;0;NA;NA;NA;NA;52773;68856;79780;107103;30824;1;2020
176;6;5;2;2;2;3;5;5;2;4;4;6;5;4;2;2;2;3;2;2;2;2;2;5;2;2;2;NA;1;2;0;20;2;1;NA;NA;Елабуга ;73913;50182;73702;72427;643574;30251;1;2020
177;6;5;5;6;3;4;1;1;1;5;5;6;1;1;2;4;4;2;6;5;4;5;5;5;3;1;2;0;0;1;1;15;1;0;NA;NA;Новосибирск;1618039;79849;53529;63872;91946;30592;1;2020
178;6;3;2;1;1;3;6;4;2;4;4;4;6;5;2;2;4;5;6;6;1;5;5;3;6;6;2;0;0;1;0;22;1;0;NA;NA;Челябинск;1195446;113143;60000;79391;44920;32199;1;2020
179;4;3;2;1;1;1;5;1;2;3;6;6;4;2;2;3;5;5;2;2;4;6;4;3;4;4;6;NA;1;2;1;16;1;0;NA;NA;Владивосток;605049;77000;57190;57136;49263;64095;1;2020
180;6;6;5;3;1;4;6;6;3;4;5;5;6;6;5;1;3;5;1;1;1;6;6;5;6;5;4;1;NA;3;0;22;3;1;NA;NA;Запорожье;738728;60431;74925;58971;64479;29538;1;2020
181;6;3;3;1;1;3;6;1;1;1;1;3;1;1;1;1;1;3;1;1;1;6;6;3;6;6;3;0;0;1;0;34;5;1;NA;NA;Томск;575352;157572;75724;56130;39848;33630;1;2020
182;6;5;1;2;2;5;5;5;4;4;5;5;5;5;4;2;3;4;2;2;2;6;5;5;6;5;4;NA;1;2;1;20;2;1;NA;NA;Санкт-Петербург;5392992;940634;72857;288925;1831072;41482;1;2020
183;5;5;3;4;3;3;2;1;3;5;5;4;5;4;2;5;4;4;3;2;2;6;6;5;1;3;5;NA;1;2;1;16;1;0;NA;NA;Омск;1164815;92078;68393;68794;87254;107716;1;2020
184;1;1;1;5;2;2;2;1;2;2;1;1;3;2;2;5;5;6;3;1;2;2;1;3;3;4;3;0;0;1;1;23;4;1;NA;NA;Москва;12692466;43998;26163;29857;48639;72509;1;2020
185;3;3;1;3;2;1;4;4;1;4;5;6;4;4;1;6;6;6;3;3;1;6;6;6;5;5;2;NA;1;2;0;27;1;0;NA;NA;Хабаровск;617473;68708;85899;67028;66619;59904;1;2020
186;6;6;1;6;6;1;6;6;1;1;1;6;6;6;1;1;1;6;6;6;1;1;1;6;6;6;1;NA;1;2;1;17;1;0;NA;NA;Ставрополь;437367;62751;69141;70236;52866;92824;1;2020
187;6;5;1;4;3;3;5;5;2;3;2;6;5;5;4;2;2;4;5;3;3;3;4;2;5;2;2;1;NA;3;1;28;3;1;NA;NA;Томск;575352;228936;167111;69688;210423;18544;1;2020
188;6;5;4;4;4;3;6;6;5;1;4;6;6;5;4;1;1;3;6;3;3;1;4;4;4;5;2;NA;1;2;0;20;2;0;NA;NA;Москва;12692466;100182;74271;53239;69993;42753;1;2020
189;2;3;5;2;2;1;3;3;3;5;5;5;2;1;1;3;4;5;2;2;3;5;6;5;4;5;3;NA;1;2;1;18;1;0;NA;NA;Тюмень;788667;87671;64766;81470;57101;29110;1;2020
190;6;6;4;4;2;1;6;6;4;1;5;5;6;6;4;1;1;2;5;2;3;1;2;4;3;3;3;NA;1;2;1;18;1;0;NA;NA;Сергиев Посад;101967;127345;121566;94722;116149;74799;1;2020
191;4;2;2;2;1;1;3;1;1;1;1;2;4;3;2;2;1;1;3;2;1;3;1;1;3;3;3;0;0;1;1;21;3;1;NA;NA;Ростов-на-Дону;1133307;65485;108170;60618;67240;40791;1;2020
192;6;6;1;6;4;4;6;6;1;2;5;6;6;6;4;1;1;1;6;1;6;6;6;6;6;6;4;1;NA;3;0;19;1;0;NA;NA;Ростов-на-Дону;1133307;108169;145241;103589;174289;39511;1;2020
193;6;5;1;6;3;1;6;6;2;1;3;6;6;6;2;1;2;6;6;4;1;1;1;4;6;6;2;0;0;1;0;40;2;1;NA;NA;Ачинск;105259;40103;74211;49967;36596;25845;1;2020
194;4;4;2;4;3;3;6;5;3;5;5;5;4;4;3;1;1;3;5;5;4;5;4;4;2;3;4;NA;1;2;0;17;1;0;NA;NA;Омск;1164815;90286;48184;71439;64073;63525;1;2020
195;6;5;3;1;2;3;6;4;3;5;5;5;5;5;4;1;2;4;6;5;4;2;4;3;2;2;3;1;NA;3;1;27;2;1;NA;NA;Воронеж;1054111;93873;114958;217916;225956;54854;1;2020
196;6;6;1;6;4;1;5;2;1;6;6;6;6;6;2;1;1;6;1;1;1;6;6;4;6;6;3;0;0;1;0;33;5;1;NA;NA;Москва;12692466;32400;49078;37189;55583;28025;1;2020
197;6;5;3;6;6;5;6;6;3;2;5;6;6;4;2;1;2;3;6;5;4;6;6;5;4;4;3;0;0;1;1;19;1;0;NA;NA;Санкт-Петербург;5392992;53636;55579;61759;44055;39259;1;2020
198;6;6;3;1;1;3;6;5;2;2;5;6;6;6;1;1;1;6;3;1;1;4;1;5;4;6;1;1;NA;3;0;22;4;1;NA;NA;Челябинск;1195446;533008;431544;352872;1657424;39624;1;2020
199;4;4;4;2;3;3;5;5;1;4;5;6;6;4;2;1;2;5;4;1;2;5;6;4;5;4;3;NA;1;2;0;35;3;1;NA;NA;NA;NA;81923;103062;75200;67542;41599;1;2020
200;6;6;2;6;1;2;6;6;1;3;5;6;6;6;2;1;1;6;6;6;1;2;2;3;6;6;3;NA;1;2;1;14;1;0;NA;NA;Москва;12692466;225022;128218;126146;211650;61919;2;2020
201;5;2;2;1;1;5;5;5;2;5;5;5;3;3;2;3;3;6;5;2;2;5;5;5;5;5;4;1;NA;3;0;NA;1;0;0;0;Челябинск;1195446;28701;36211;46491;220560;11453;2;2020
202;5;3;1;1;1;3;6;3;2;5;6;6;5;4;3;1;2;5;2;1;1;5;5;6;5;5;2;1;NA;3;0;25;2;1;3;0;Челябинск;1195446;232409;113283;88570;509003;177150;2;2020
203;6;6;6;5;5;5;3;3;3;4;4;4;1;1;1;1;1;1;2;2;2;6;6;6;1;1;1;NA;1;2;0;42;3;1;3;1;Челябинск;1195446;36347;44998;163926;52259;27857;3;2020
204;5;5;4;2;2;3;2;2;3;5;5;4;5;5;4;5;5;4;2;2;3;5;5;4;5;5;4;0;0;1;0;63;2;0;3;1;Челябинск;1195446;99542;161481;83698;302428;27422;3;2020
205;6;6;5;1;1;2;6;5;4;1;1;2;6;6;5;1;1;2;6;6;4;6;6;5;6;6;5;NA;1;2;0;63;2;0;3;0;Челябинск;1195446;182417;166549;519119;150466;82570;3;2020
206;1;2;5;2;1;2;6;5;2;1;5;5;6;6;2;1;2;5;2;1;2;6;6;3;1;2;6;NA;1;2;0;34;5;1;3;1;Санкт-Петербург;5392992;121502;92635;172026;69846;99326;3;2020
207;5;2;1;4;1;1;5;2;1;2;6;5;5;5;2;1;1;2;5;2;2;5;5;5;2;2;2;0;0;1;0;36;3;1;3;1;Челябинск;1195446;66309;636329;51461;74949;49357;3;2020
208;6;4;1;6;3;1;6;5;1;2;5;6;6;6;1;1;1;6;1;1;1;5;6;2;6;6;1;NA;1;2;0;41;3;1;4;0;Челябинск;1195446;42696;52172;38435;92977;24252;3;2020
209;3;3;3;1;1;2;2;2;2;5;5;5;3;3;3;3;3;4;5;5;3;5;5;4;3;3;4;1;NA;3;0;62;2;0;2;0;Челябинск;1195446;119877;168382;380872;148723;123515;3;2020
210;5;4;1;2;1;5;5;5;2;3;3;6;5;5;2;1;1;5;2;2;1;6;6;3;5;5;1;NA;1;2;NA;34;5;1;4;1;Челябинск;1195446;89791;60248;108311;111246;55303;3;2020
211;6;5;3;5;2;2;6;6;1;5;4;1;5;5;1;2;3;5;5;4;2;3;3;4;6;6;1;1;NA;3;0;18;1;0;3;1;Челябинск;1195446;48544;73686;116059;72154;19784;3;2020
212;6;6;1;5;5;1;5;5;3;5;5;3;5;5;3;6;6;3;5;5;1;4;3;4;5;5;3;1;NA;3;0;19;1;0;1;0;Челябинск;1195446;14063;40066;27984;79441;28520;3;2020
213;6;5;1;6;6;4;6;2;1;5;6;6;2;2;2;4;6;6;1;1;1;3;3;1;6;6;3;NA;1;2;1;18;1;0;3;1;Челябинск;1195446;81745;64998;101292;109455;49872;3;2020
214;4;2;3;2;3;3;5;3;3;4;5;5;5;5;4;1;3;5;6;5;4;5;4;3;5;4;3;0;0;1;0;18;1;0;3;1;Челябинск;1195446;62956;103344;178448;97687;42104;3;2020
215;4;5;3;5;4;3;2;3;4;4;2;3;6;6;3;1;1;3;6;3;1;1;3;6;5;4;3;0;0;1;1;18;2;1;1;1;Челябинск;1195446;23984;71053;101888;122564;55936;3;2020
216;5;4;4;4;3;1;5;4;1;2;4;6;6;4;1;1;2;6;6;4;1;4;3;3;6;6;3;NA;1;2;0;33;2;1;3;0;Челябинск;1195446;272192;115588;86652;110396;48311;3;2020
217;6;1;1;3;3;3;1;1;1;6;6;6;1;1;1;6;6;6;1;1;1;6;6;1;6;6;6;0;0;1;1;23;2;1;3;1;Челябинск;1195446;80096;57096;89576;77376;25528;3;2020
218;5;4;2;2;1;4;5;4;3;2;3;5;5;5;3;2;3;3;6;5;2;3;3;4;5;5;4;1;NA;3;0;47;2;1;3;1;Челябинск;1195446;71170;63466;49816;75819;27259;3;2020
219;6;1;2;6;1;1;5;2;1;5;5;4;4;4;3;4;4;3;1;1;1;6;6;6;6;1;1;0;0;1;0;41;1;0;3;NA;Челябинск;1195446;66637;138662;881531;397191;36447;3;2020
220;6;6;2;2;5;4;6;2;1;5;5;5;3;2;1;3;6;6;2;2;2;6;5;2;6;6;2;NA;1;2;0;41;2;1;4;1;Челябинск;1195446;61561;62696;100146;63926;28305;3;2020
221;6;5;2;5;2;1;6;5;1;2;5;5;5;4;4;2;4;6;6;3;2;5;5;2;5;5;2;1;NA;3;1;25;4;1;3;1;Челябинск;1195446;68753;36154;67001;41799;22336;3;2020
222;6;6;3;1;1;4;6;4;1;6;6;6;6;6;6;1;1;5;1;1;1;6;6;5;4;4;3;1;NA;3;0;34;5;1;3;1;Челябинск;1195446;36541;38653;26196;21682;24114;3;2020
223;3;2;2;1;1;4;5;5;1;5;5;5;3;3;1;2;5;2;5;3;2;5;5;5;6;6;3;0;0;1;0;35;5;1;3;1;Уфа;1124226;119991;75833;220521;69043;31584;3;2020
224;6;5;2;6;2;2;6;4;1;4;4;4;1;2;2;2;5;5;2;6;5;4;6;5;1;1;5;0;0;1;0;39;2;1;3;1;Челябинск;1195446;120531;99452;108969;101658;77002;3;2020
225;5;5;1;1;1;4;5;1;1;2;5;6;5;2;2;3;5;5;5;1;1;6;6;6;5;5;5;NA;1;2;1;35;3;1;2;1;Челябинск;1195446;71231;80784;98871;76471;65959;3;2020
226;6;2;3;6;4;5;6;6;4;6;6;6;6;6;1;5;5;6;2;2;1;6;6;6;6;4;3;0;0;1;1;31;5;1;2;1;Челябинск;1195446;98451;128174;93460;90657;55315;3;2020
227;6;6;4;4;4;4;6;6;4;2;2;5;6;6;2;1;1;4;5;2;2;2;5;4;6;6;4;0;0;1;0;50;1;0;3;1;Челябинск;1195446;134891;70552;60634;80769;33489;3;2020
228;4;2;2;2;2;3;5;2;2;4;5;5;5;5;2;2;2;3;5;5;2;6;6;3;5;5;4;0;0;1;0;21;2;1;1;1;Челябинск;1195446;79847;56161;70820;132689;140999;3;2020
229;3;3;3;1;1;2;6;6;6;1;1;1;6;6;6;6;6;6;1;1;1;1;1;1;6;6;6;NA;1;2;1;55;4;1;4;1;Челябинск;1195446;142728;49360;45864;52232;22416;3;2020
230;5;1;1;1;6;4;6;1;1;2;6;6;5;5;5;2;1;6;1;1;1;5;5;2;6;6;2;0;0;1;0;37;3;1;4;1;Астрахань;534241;96126;72677;114146;90025;51483;3;2020
231;6;5;1;1;1;4;6;2;1;2;6;6;5;5;3;1;5;5;6;1;1;5;6;6;5;5;2;0;0;1;1;35;3;1;3;1;Челябинск;1195446;102407;56728;54631;45192;61079;3;2020
232;1;1;2;1;2;2;4;5;4;6;6;5;6;6;5;6;6;5;6;6;4;6;6;4;6;6;5;0;0;1;1;67;2;0;3;1;Челябинск;1195446;73073;85186;68898;125231;28236;3;2020
233;6;4;3;5;1;2;6;3;2;4;5;5;3;4;3;1;3;4;4;3;3;6;6;4;3;3;4;0;0;1;1;22;2;1;1;1;Челябинск;1195446;161389;104598;120272;142360;71213;3;2020
234;6;5;2;6;5;3;5;5;2;4;3;2;5;4;2;1;3;2;4;2;1;3;5;4;6;6;4;0;0;1;0;36;3;1;3;1;Челябинск;1195446;111556;59422;135416;95696;49142;3;2020
235;5;5;2;1;1;5;6;6;6;6;6;6;2;3;3;1;1;1;6;6;4;2;2;5;6;6;5;1;NA;3;0;21;2;1;3;1;Челябинск;1195446;53127;30496;96584;51103;26784;3;2020
236;6;4;2;1;1;4;6;6;4;5;6;6;6;6;3;1;1;5;6;6;3;6;6;5;6;6;3;NA;1;2;1;18;1;1;3;1;Копейск;148232;104162;66273;160242;113952;29768;3;2020
237;6;6;1;6;6;1;6;6;1;6;6;6;2;1;6;1;1;6;6;6;1;6;6;3;6;1;6;NA;1;2;1;18;1;0;3;1;Челябинск;1195446;90467;268768;77920;92161;64277;3;2020
238;6;5;4;2;1;1;6;6;6;1;3;6;6;5;4;4;3;2;6;6;6;1;1;1;4;4;6;NA;1;2;1;18;1;1;3;0;NA;NA;889558;39864;1135744;1723210;105389;3;2020
239;5;3;2;5;5;4;5;2;2;1;6;6;1;1;1;4;5;4;5;5;4;5;5;5;5;5;3;1;NA;3;1;51;3;1;4;1;Челябинск;1195446;107180;117476;78445;97972;39406;3;2020
240;6;6;6;6;6;5;5;1;4;6;6;6;5;4;1;1;1;6;1;1;1;6;6;5;6;6;5;NA;1;2;0;28;3;1;3;1;Челябинск;1195446;77015;109248;101594;46966;24516;3;2020
241;6;4;3;2;2;2;6;3;3;5;5;5;5;3;2;1;3;4;6;3;3;6;6;4;6;6;3;1;NA;3;0;42;3;1;4;1;Челябинск;1195446;67824;84805;82610;151379;36479;3;2020
242;5;5;5;6;6;3;1;1;1;6;6;6;2;2;2;4;4;4;2;2;2;6;6;6;5;5;5;0;0;1;1;23;1;0;3;1;Челябинск;1195446;29674;40708;122924;43608;25649;3;2020
243;4;5;1;6;6;4;3;2;1;2;3;3;1;2;6;4;5;4;5;3;3;6;6;4;5;5;6;0;0;1;1;29;2;0;3;1;Челябинск;1195446;65842;76726;96115;105277;32498;3;2020
244;6;3;1;6;6;6;6;5;2;2;4;6;2;2;2;5;5;5;6;6;2;1;2;2;6;6;2;0;0;1;1;23;3;1;3;1;Аргаяш ;10293;79271;171589;79109;107250;40047;3;2020
245;6;2;2;2;2;2;6;1;2;6;6;5;6;6;2;1;1;2;5;5;4;6;6;6;6;6;4;NA;1;2;1;37;5;1;3;1;Челябинск;1195446;133201;120363;102563;127188;88177;3;2020
246;5;5;4;5;6;4;5;5;4;2;3;3;6;6;4;5;5;5;2;2;1;5;5;5;5;5;4;NA;1;2;0;34;2;1;3;0;Челябинск;1195446;60686;69879;356934;259071;21247;3;2020
247;6;3;1;2;2;2;6;1;1;2;5;4;6;1;2;1;3;5;4;2;2;3;4;3;5;5;3;NA;1;2;0;22;NA;0;3;1;Челябинск;1195446;106075;88852;76513;116614;45840;3;2020
248;6;5;4;6;5;4;6;6;5;1;2;3;6;5;5;1;1;3;6;4;4;1;1;2;6;6;5;0;0;1;0;22;2;1;3;0;Челябинск;1195446;180938;45440;51901;47399;46367;3;2020
249;6;6;4;2;2;1;6;6;5;1;1;6;6;6;5;6;4;6;5;5;4;1;1;2;6;6;2;0;0;1;0;26;3;0;3;1;Челябинск;1195446;73824;62232;68730;111949;33398;3;2020
250;5;2;1;4;3;2;5;4;1;5;5;6;5;4;2;2;3;5;6;6;1;5;3;4;2;2;2;NA;1;2;0;24;2;1;3;1;Челябинск;1195446;164105;203477;219495;174364;98913;3;2020
251;5;4;2;1;1;4;6;4;2;4;6;6;6;6;3;1;1;3;5;2;2;6;6;3;5;5;2;NA;1;2;1;34;1;1;3;0;NA;NA;163185;82621;76178;79858;28516;3;2020
252;6;5;2;3;2;3;6;5;3;1;3;5;5;5;3;1;2;4;4;2;2;5;5;4;3;4;3;1;NA;3;0;26;2;1;3;1;Челябинск;1195446;70186;80285;80292;76612;101169;3;2020
253;6;2;3;6;5;1;5;2;1;5;5;5;5;5;2;2;2;5;6;6;1;5;2;4;5;1;4;1;NA;3;0;24;2;1;3;1;Челябинск;1195446;70962;88923;59976;67322;72984;3;2020
254;5;5;3;1;1;3;1;1;3;6;6;5;5;6;4;2;2;2;1;1;2;6;6;2;5;4;2;1;NA;3;1;23;2;0;3;1;Челябинск;1195446;81666;118071;122242;143638;66959;3;2020
255;6;6;3;1;1;3;6;3;4;6;6;6;6;3;4;1;1;3;6;6;3;6;6;4;1;3;3;1;NA;3;0;26;2;1;3;0;Челябинск;1195446;35327;55122;113036;49179;40411;3;2020
256;4;2;2;3;3;3;5;3;3;4;5;5;5;5;3;3;4;3;5;5;3;5;6;5;5;4;3;NA;1;2;1;28;3;1;1;1;Челябинск;1195446;183444;130761;153922;107830;274114;3;2020
257;6;5;3;4;3;3;6;5;3;2;4;5;6;6;4;2;3;4;4;3;3;4;4;4;6;4;2;0;0;1;0;22;2;1;3;1;Челябинск;1195446;122104;117704;103609;135612;81953;3;2020
258;2;2;3;2;2;2;5;5;5;5;5;5;6;6;4;2;2;3;2;3;2;6;6;3;6;6;1;0;0;1;0;46;3;1;NA;1;Челябинск;1195446;65234;53624;60025;102324;43664;3;2020
259;6;2;1;5;5;3;6;5;1;6;6;6;2;1;1;1;1;5;6;4;2;6;6;2;5;5;3;NA;1;2;0;46;4;1;3;1;Челябинск;1195446;88613;70653;90870;118466;47142;3;2020
260;6;1;1;1;1;2;6;1;1;1;6;6;6;5;5;1;1;2;1;1;1;6;6;3;1;1;4;0;0;1;0;27;2;1;3;1;Челябинск;1195446;80192;78401;66555;68826;96164;3;2020
261;6;5;1;1;1;1;6;5;1;6;6;6;6;5;1;3;5;6;6;6;4;6;6;6;4;3;1;0;0;1;1;27;1;0;3;0;Санкт-Петербург;5392992;147200;60523;108700;86289;55039;3;2020
262;6;6;3;6;6;3;1;2;2;1;2;6;6;6;2;1;2;5;6;5;2;6;6;5;6;5;1;NA;1;2;0;46;2;1;4;1;Челябинск;1195446;109534;57175;73271;69351;46583;3;2020
263;5;2;2;1;1;4;6;4;1;6;5;5;5;3;2;2;2;5;2;2;1;6;6;5;2;2;2;0;0;1;0;27;3;1;3;1;Челябинск;1195446;66648;73418;58810;52595;60542;3;2020
264;6;6;1;2;2;4;6;4;1;3;5;5;6;6;3;1;2;3;5;4;3;6;6;4;6;5;2;0;0;1;1;31;4;1;3;1;Челябинск;1195446;210110;209347;134278;104640;157939;3;2020
265;5;5;3;3;2;2;4;4;2;3;4;5;4;4;3;3;3;3;1;1;5;5;5;4;3;3;2;1;NA;3;0;27;2;0;3;1;Челябинск;1195446;89273;62798;136006;87685;49608;3;2020
266;6;6;1;1;1;2;6;1;1;1;6;6;6;6;1;1;1;6;6;6;1;6;4;4;4;5;2;NA;1;2;1;23;5;1;3;0;Карабаш;10854;55206;113959;58226;65222;83362;3;2020
267;6;2;2;6;1;2;1;1;2;6;6;5;6;6;2;2;4;5;1;1;2;3;4;2;5;6;2;1;NA;3;0;37;3;1;3;1;Челябинск;1195446;155473;98216;87329;116725;38129;3;2020
268;6;6;6;6;6;6;1;1;1;5;5;5;6;6;6;4;4;4;1;1;1;6;6;6;1;1;1;0;0;1;0;42;2;1;3;1;Челябинск;1195446;280657;34562;31421;27056;20212;3;2020
269;6;5;4;1;3;3;1;1;1;6;6;6;6;6;4;5;5;5;1;1;1;6;6;4;1;1;1;NA;1;2;0;42;2;1;3;1;Челябинск;1195446;24546;23945;22186;18955;16896;3;2020
270;6;6;1;5;1;1;6;2;1;1;2;5;6;2;4;2;1;6;1;1;6;6;2;2;6;2;3;NA;1;2;0;33;2;1;3;1;Челябинск;1195446;209425;131029;102161;84525;41940;4;2020
271;5;2;1;6;6;5;5;2;1;5;5;6;5;6;2;1;3;4;5;6;2;5;6;5;2;2;5;0;0;1;1;33;2;1;2;1;Челябинск;1195446;61431;54669;78339;65324;68805;4;2020
272;5;5;3;1;1;4;4;4;5;3;1;1;2;1;2;3;3;5;2;2;2;6;6;4;6;6;6;1;NA;3;1;30;5;1;3;1;Челябинск;1195446;79415;76350;62772;70893;56861;4;2020
273;3;1;5;6;4;3;6;6;2;4;6;6;6;1;3;1;1;3;1;1;1;6;1;4;6;4;4;0;0;1;0;24;3;0;3;1;Миасс;151275;84859;91849;100779;89184;33829;4;2020
274;6;6;5;4;3;3;6;6;4;5;5;5;5;4;3;1;2;3;6;3;2;4;4;5;5;5;5;NA;1;2;0;32;2;1;3;1;Екатеринбург;1483119;1229313;122537;66711;260544;22672;6;2020
275;1;2;6;1;1;5;2;2;2;2;4;6;6;5;2;1;1;5;6;5;2;1;2;2;1;2;6;0;0;1;1;23;1;0;3;0;Челябинск;1195446;32831;43831;43947;26344;13155;6;2020
276;6;5;2;6;5;2;6;5;1;1;3;6;5;6;3;2;1;6;6;1;2;5;6;3;2;1;4;1;NA;3;0;21;2;1;3;1;Челябинск;1195446;66768;72648;116520;224557;52975;6;2020
277;1;1;1;1;1;4;6;6;1;6;6;6;6;6;4;6;6;6;6;6;2;2;2;4;6;6;3;NA;1;2;1;39;3;1;3;0;Нижний Тагил;349008;463057;472573;47542;158971;21938;6;2020
278;6;6;3;6;5;3;6;4;4;4;4;4;6;6;4;1;1;3;4;2;2;1;3;5;3;3;3;0;0;1;0;32;3;1;3;0;Екатеринбург;1483119;67885;97985;38688;89783;48786;6;2020
279;3;3;3;2;1;3;5;5;2;6;6;5;1;1;1;2;2;5;6;5;3;1;1;4;6;6;2;1;NA;3;1;58;5;1;3;0;Переславль-Залесский;37943;66251;39702;71925;42383;34987;6;2020
280;6;6;1;6;5;2;6;5;1;3;5;6;6;1;1;6;2;1;4;3;1;6;6;3;6;6;3;1;NA;3;0;36;4;1;3;1;Москва;12692466;60905;85998;116716;78883;19110;6;2020
281;6;6;2;2;2;1;3;1;1;6;6;6;3;3;3;4;4;6;2;1;1;4;4;3;5;5;1;0;0;1;1;22;2;1;3;0;Санкт-Петербург;5392992;110316;67737;311907;210724;111031;6;2020
282;6;4;3;5;3;4;5;4;2;5;5;5;5;6;4;1;1;5;3;3;2;2;2;6;6;6;3;1;NA;3;1;37;5;1;3;1;Екатеринбург;1483119;79539;113625;118393;261927;44171;6;2020
283;5;5;5;2;2;3;4;2;2;6;6;6;5;5;4;3;5;5;3;2;3;5;6;4;5;5;4;0;0;1;0;30;4;1;3;1;Екатеринбург;1483119;58311;109009;76322;358962;122794;6;2020
284;6;6;6;6;6;4;5;2;1;1;1;1;6;6;2;1;1;4;2;2;2;1;1;1;5;5;4;0;0;1;0;37;4;1;3;1;Нижний Тагил;349008;48219;40579;34768;49976;45605;6;2020
285;6;6;3;6;5;2;6;5;1;6;6;6;1;1;1;2;6;2;6;6;1;6;1;2;6;5;3;NA;1;2;0;30;2;1;3;0;Екатеринбург;1483119;49983;39208;48303;54727;44473;6;2020
286;4;4;4;3;3;3;4;4;2;3;4;6;5;5;3;2;2;5;3;4;2;2;2;4;4;3;4;NA;1;2;0;45;3;1;3;0;Санкт-Петербург;5392992;79564;79805;56890;66628;46558;6;2020
287;6;5;3;6;2;3;6;6;2;6;6;6;1;1;2;2;1;5;6;6;2;1;4;6;6;6;2;NA;1;2;0;38;5;1;3;0;Санкт-Петербург;5392992;51808;34797;47749;62212;21671;6;2020
288;6;5;4;6;4;1;6;1;3;6;6;6;6;6;4;6;6;6;1;1;1;6;3;6;6;6;1;NA;1;2;0;42;3;1;3;0;Москва;12692466;82399;69052;95369;128870;36728;6;2020
289;6;6;1;1;1;1;6;6;1;3;6;6;6;6;1;1;1;6;6;3;5;1;1;1;6;6;6;NA;1;2;0;22;2;1;1;1;Нижний Тагил;349008;53167;65344;56873;67612;45248;6;2020
290;6;5;5;6;4;1;2;1;1;6;6;6;1;1;1;6;6;3;4;1;1;6;6;6;6;6;1;0;0;1;0;37;2;1;3;1;Красноярск;1093771;38213;30912;26944;32608;12743;6;2020
291;5;6;4;6;4;3;1;2;4;5;4;4;5;2;1;3;5;6;4;2;3;4;6;2;4;4;4;1;NA;3;1;34;4;1;3;1;Кировград;18738;76752;92966;92143;96722;38529;6;2020
292;6;6;4;1;1;1;6;4;3;1;2;5;6;4;3;6;4;6;1;1;2;1;2;3;6;6;4;1;NA;3;0;54;5;1;3;1;Москва;12692466;78820;113252;127924;90099;29693;6;2020
293;6;1;1;6;1;1;6;1;1;6;6;1;6;1;1;1;6;2;6;1;1;6;6;6;6;6;2;1;NA;3;0;38;3;1;3;0;Екатеринбург;1483119;67320;58864;100712;85216;80875;6;2020
294;6;6;1;1;1;1;6;5;1;4;6;4;6;6;1;1;1;6;6;6;4;6;4;4;6;6;1;NA;1;2;0;58;2;1;3;1;Нижний Тагил;349008;62254;62247;65359;150033;29187;6;2020
295;5;5;1;5;5;1;5;5;1;2;5;6;5;2;1;1;1;6;5;2;1;1;1;6;5;2;2;1;NA;3;0;36;1;0;3;0;Санкт-Петербург;5392992;96872;47904;75767;83574;39006;6;2020
296;5;5;1;4;4;3;4;4;1;2;2;6;5;5;2;1;1;5;3;2;2;1;1;6;6;6;3;1;NA;3;0;33;5;1;3;0;Миасс;151275;93021;72329;50873;72036;65124;7;2020
297;6;5;1;6;6;3;6;6;3;2;5;6;6;4;3;1;2;5;6;6;1;3;5;4;5;1;2;NA;1;2;0;31;3;1;3;1;Кемерово;556382;110910;38959;60854;37144;30580;7;2020
298;6;5;1;3;2;1;5;3;2;6;6;6;6;6;4;4;6;5;5;4;2;5;6;6;2;2;4;NA;1;2;1;35;2;1;3;1;Екатеринбург;1483119;58658;53681;72876;100777;39423;7;2020
299;6;2;2;1;1;5;5;2;2;6;6;4;5;5;4;5;5;5;5;4;2;6;5;4;6;6;3;NA;1;2;0;42;2;1;4;1;Барнаул;632391;61740;86872;111250;148688;32127;7;2020
300;6;5;4;6;6;4;6;5;4;5;5;4;5;5;4;4;4;5;5;5;5;5;6;5;6;6;5;0;0;1;0;29;1;1;3;1;Донецк;913323;53410;26186;104441;32945;330184;7;2020
301;6;6;2;5;5;3;4;4;3;5;5;5;6;6;2;2;2;5;6;6;2;6;6;3;6;6;1;0;0;1;0;49;NA;NA;NA;NA;Геленджик;76783;32852;40566;53151;45555;56933;7;2020
302;5;4;1;2;2;1;6;6;6;4;4;4;2;1;1;5;6;4;3;2;3;5;6;3;5;2;5;1;NA;3;1;42;4;1;4;1;Чебоксары;495317;61682;44783;42519;65805;73674;7;2020
303;6;4;1;6;6;2;6;6;1;1;5;6;6;5;1;6;5;1;6;5;3;6;6;2;6;4;1;1;NA;3;0;50;3;1;3;0;Барнаул;632391;92716;67463;60106;195978;39529;7;2020
304;6;6;4;3;3;3;6;4;3;2;4;5;6;5;4;1;2;2;4;3;3;2;2;2;4;4;4;1;NA;3;0;32;3;1;4;0;Барнаул;632391;122557;124557;99164;73000;49331;7;2020
305;6;6;1;6;1;1;6;6;1;1;6;6;6;6;5;1;1;6;6;1;1;1;6;1;6;6;6;0;0;1;0;36;3;1;4;0;Борисоглебск ;61765;69339;44982;86070;60112;28433;7;2020
306;3;3;3;2;3;3;3;3;2;2;2;2;2;2;3;3;3;3;3;3;3;2;1;3;2;2;3;0;0;1;0;38;3;1;4;1;Тара;28241;39736;52277;52141;112816;34368;7;2020
307;6;6;3;1;1;2;2;2;2;1;1;3;5;5;5;1;1;3;2;2;3;5;5;5;2;2;2;0;0;1;0;41;5;1;3;0;Москва;12692466;52013;78228;86890;82204;124476;7;2020
308;6;1;1;6;1;1;6;6;2;1;1;2;5;5;6;6;2;2;6;6;4;6;6;3;4;3;1;1;NA;3;0;38;3;1;4;1;Брянск;404793;66608;74415;137216;57066;80651;7;2020
309;6;6;4;1;1;3;6;5;4;6;6;6;6;6;4;1;1;3;6;5;4;1;2;3;6;6;4;NA;1;2;1;NA;1;0;1;0;Ставрополь;437367;56523;81197;71030;273676;69157;7;2020
310;4;3;5;6;6;2;1;1;5;5;6;6;1;1;3;5;6;6;5;5;3;6;6;6;6;6;4;1;NA;3;0;44;4;1;3;1;Ярославль;608353;1148048;130479;229152;100104;35424;7;2020
311;6;4;1;1;1;1;6;5;1;1;3;6;6;6;3;1;2;4;6;4;2;1;1;2;6;6;3;NA;1;2;1;28;3;1;4;1;Абакан;186797;77780;640427;119707;87269;40540;7;2020
312;4;4;3;3;3;3;6;5;3;5;5;6;6;5;3;6;5;3;4;5;3;4;4;3;1;1;2;1;NA;3;0;39;3;1;3;0;Ижевск;648146;65974;45888;41846;104580;27697;7;2020
313;5;2;2;5;2;2;6;4;1;5;5;5;5;5;2;1;1;5;6;3;2;1;5;5;5;5;3;0;0;1;0;37;2;1;3;1;Рязань;539290;70903;71204;42386;67536;64768;7;2020
314;6;6;3;1;1;2;6;5;2;2;4;5;5;6;4;1;1;2;5;2;2;1;1;4;6;3;2;0;0;1;0;24;NA;NA;NA;NA;Москва;12692466;52855;67456;60977;137676;61785;7;2020
315;6;6;4;6;6;4;5;5;4;2;2;3;5;5;4;1;1;3;3;3;3;2;2;3;2;3;5;1;NA;3;0;38;5;1;4;0;Москва;12692466;41919;50472;46183;51321;86821;7;2020
316;4;4;3;5;5;4;5;5;3;4;3;5;3;3;3;2;2;4;5;5;4;5;5;4;3;3;3;1;NA;3;0;46;2;1;3;1;Кемерово;556382;41571;105031;148576;36083;33951;7;2020
317;5;4;4;6;4;4;2;2;1;2;2;3;6;6;4;2;3;3;3;3;1;6;6;4;6;6;4;1;NA;3;0;54;5;1;4;1;Москва;12692466;42006;89378;49812;41908;39900;7;2020
318;5;4;2;5;5;2;5;5;5;2;5;5;5;5;5;2;2;3;5;5;4;3;3;3;5;5;4;1;NA;3;0;50;3;1;4;1;Хабаровск;617473;84185;208773;54591;72428;26274;7;2020
319;6;3;2;1;1;3;3;2;2;4;3;3;3;3;3;1;4;6;6;4;3;6;6;4;6;6;3;0;0;1;0;32;3;1;4;1;Брянск;404793;169906;112311;193538;64470;27267;7;2020
320;6;6;3;5;4;2;5;4;2;2;3;5;5;4;2;2;4;6;4;4;2;4;4;3;4;4;2;0;0;1;0;48;3;1;4;1;Псков;210340;117529;73883;87661;92239;68516;7;2020
321;6;6;4;6;5;1;6;4;2;1;2;6;6;6;1;1;3;5;6;5;2;1;4;6;6;6;2;1;NA;3;0;45;4;1;4;1;Красноярск;1093771;42092;125287;61263;86359;33969;7;2020
322;6;6;1;6;6;3;6;6;1;6;6;6;6;6;6;1;1;6;1;1;1;6;4;6;6;6;2;NA;1;2;0;40;3;1;3;1;Санкт-Петербург;5392992;63282;73031;58790;100544;32274;7;2020
323;6;6;3;2;2;3;6;6;2;5;5;3;6;6;4;6;6;6;1;1;1;6;6;4;6;6;4;1;NA;3;0;42;3;1;4;1;Смоленск;329427;47344;127967;72058;134165;30784;7;2020
324;6;6;1;1;1;4;6;6;1;4;3;6;6;6;1;1;1;6;6;6;1;5;5;5;6;6;1;NA;1;2;0;32;2;1;3;0;Красноярск;1093771;80980;82593;43604;135070;30020;7;2020
325;6;6;1;6;2;3;6;4;1;2;4;6;6;5;2;1;1;5;6;3;2;6;6;5;4;3;3;1;NA;3;0;31;2;1;3;1;Благовещенск;226385;84338;124743;95664;119751;52363;7;2020
326;6;1;2;1;1;1;6;6;6;1;1;1;6;6;6;1;1;1;6;1;6;6;6;6;6;6;6;0;0;1;1;53;4;1;4;1;Уфа;1124226;124942;61252;41632;62815;16315;7;2020
327;6;6;4;1;2;3;6;5;2;2;5;5;6;6;4;1;2;4;6;6;5;1;2;3;6;5;2;NA;1;2;1;55;4;1;4;1;Самара;1156644;211125;196975;101483;102922;182730;7;2020
328;6;6;2;4;2;1;6;6;2;2;3;5;5;5;1;6;6;1;5;5;5;3;2;5;4;4;2;1;NA;3;0;52;3;1;3;1;Санкт-Петербург;5392992;96787;102971;80712;96491;182853;7;2020
329;6;6;4;2;2;3;6;2;2;5;5;5;5;5;5;6;6;5;3;1;2;4;2;4;5;5;5;0;0;1;0;28;2;0;3;0;Пермь;1055397;50897;72765;75472;120011;59196;7;2020
330;5;5;5;5;5;2;5;5;2;5;5;5;5;5;2;2;2;5;2;2;3;5;5;3;5;5;2;1;NA;3;1;45;5;1;3;1;Санкт-Петербург;5392992;109439;96436;91058;414291;23354;7;2020
;;;;;;;;;;;;;;;;;;;;;;;;;;;;;;;;;;;;;;;;;;;;;
;;;;;;;;;;;;;;;;;;;;;;;;;;;;;;;;;;;;;;;;;;;;;
;;;;;;;;;;;;;;;;;;;;;;;;;;;;;;;;;;;;;;;;;;;;;
;;;;;;;;;;;;;;;;;;;;;;;;;;;;;;;;;;;;;;;;;;;;;
